condition,metrica,n,mediana,minimo,maximo
controle,auditability_total,9,3,2,3
controle,trace_code,9,0,0,0
controle,trace_tests,9,0,0,1
controle,assumptions,9,0,0,0
controle,risks,9,0,0,0
controle,rationale,9,0,0,0
controle,fidelity,9,2,0,2
controle,reproducibility,9,1,1,1
controle,ap_points,9,1,0,6
controle,rp_points,9,0,0,0
controle,output_words,9,33,21,51
controle,duration_s,9,96.626,45.926,407.406
controle,hidden_pass_rate,9,1.0,1.0,1.0
explicacao,auditability_total,9,10,7,12
explicacao,trace_code,9,1,1,1
explicacao,trace_tests,9,2,1,2
explicacao,assumptions,9,1,0,2
explicacao,risks,9,1,0,2
explicacao,rationale,9,2,1,2
explicacao,fidelity,9,2,0,2
explicacao,reproducibility,9,2,2,2
explicacao,ap_points,9,4,0,7
explicacao,rp_points,9,9,6,11
explicacao,output_words,9,330,259,366
explicacao,duration_s,9,97.768,89.445,130.355
explicacao,hidden_pass_rate,9,1.0,1.0,1.0
