task_id,condition,metrica,n,mediana,minimo,maximo
t1_shipping,controle,auditability_total,3,3,3,3
t1_shipping,controle,trace_code,3,0,0,0
t1_shipping,controle,trace_tests,3,1,0,1
t1_shipping,controle,assumptions,3,0,0,0
t1_shipping,controle,risks,3,0,0,0
t1_shipping,controle,rationale,3,0,0,0
t1_shipping,controle,fidelity,3,1,1,2
t1_shipping,controle,reproducibility,3,1,1,1
t1_shipping,controle,ap_points,3,5,1,6
t1_shipping,controle,rp_points,3,0,0,0
t1_shipping,controle,output_words,3,32,21,44
t1_shipping,controle,duration_s,3,76.812,45.926,97.498
t1_shipping,controle,hidden_pass_rate,3,1.0,1.0,1.0
t1_shipping,explicacao,auditability_total,3,9,7,9
t1_shipping,explicacao,trace_code,3,1,1,1
t1_shipping,explicacao,trace_tests,3,1,1,1
t1_shipping,explicacao,assumptions,3,1,0,1
t1_shipping,explicacao,risks,3,0,0,1
t1_shipping,explicacao,rationale,3,1,1,2
t1_shipping,explicacao,fidelity,3,2,2,2
t1_shipping,explicacao,reproducibility,3,2,2,2
t1_shipping,explicacao,ap_points,3,6,6,7
t1_shipping,explicacao,rp_points,3,7,6,7
t1_shipping,explicacao,output_words,3,354,301,365
t1_shipping,explicacao,duration_s,3,92.105,89.445,97.578
t1_shipping,explicacao,hidden_pass_rate,3,1.0,1.0,1.0
t2_order_pricing,controle,auditability_total,3,3,3,3
t2_order_pricing,controle,trace_code,3,0,0,0
t2_order_pricing,controle,trace_tests,3,0,0,0
t2_order_pricing,controle,assumptions,3,0,0,0
t2_order_pricing,controle,risks,3,0,0,0
t2_order_pricing,controle,rationale,3,0,0,0
t2_order_pricing,controle,fidelity,3,2,2,2
t2_order_pricing,controle,reproducibility,3,1,1,1
t2_order_pricing,controle,ap_points,3,0,0,0
t2_order_pricing,controle,rp_points,3,0,0,0
t2_order_pricing,controle,output_words,3,48,32,51
t2_order_pricing,controle,duration_s,3,94.141,83.099,407.406
t2_order_pricing,controle,hidden_pass_rate,3,1.0,1.0,1.0
t2_order_pricing,explicacao,auditability_total,3,12,12,12
t2_order_pricing,explicacao,trace_code,3,1,1,1
t2_order_pricing,explicacao,trace_tests,3,2,2,2
t2_order_pricing,explicacao,assumptions,3,2,2,2
t2_order_pricing,explicacao,risks,3,1,1,1
t2_order_pricing,explicacao,rationale,3,2,2,2
t2_order_pricing,explicacao,fidelity,3,2,2,2
t2_order_pricing,explicacao,reproducibility,3,2,2,2
t2_order_pricing,explicacao,ap_points,3,4,4,5
t2_order_pricing,explicacao,rp_points,3,11,10,11
t2_order_pricing,explicacao,output_words,3,330,259,366
t2_order_pricing,explicacao,duration_s,3,120.918,117.999,130.355
t2_order_pricing,explicacao,hidden_pass_rate,3,1.0,1.0,1.0
t3_inventory_reservation,controle,auditability_total,3,3,2,3
t3_inventory_reservation,controle,trace_code,3,0,0,0
t3_inventory_reservation,controle,trace_tests,3,0,0,1
t3_inventory_reservation,controle,assumptions,3,0,0,0
t3_inventory_reservation,controle,risks,3,0,0,0
t3_inventory_reservation,controle,rationale,3,0,0,0
t3_inventory_reservation,controle,fidelity,3,2,0,2
t3_inventory_reservation,controle,reproducibility,3,1,1,1
t3_inventory_reservation,controle,ap_points,3,1,0,5
t3_inventory_reservation,controle,rp_points,3,0,0,0
t3_inventory_reservation,controle,output_words,3,33,29,46
t3_inventory_reservation,controle,duration_s,3,104.609,96.626,107.414
t3_inventory_reservation,controle,hidden_pass_rate,3,1.0,1.0,1.0
t3_inventory_reservation,explicacao,auditability_total,3,10,10,12
t3_inventory_reservation,explicacao,trace_code,3,1,1,1
t3_inventory_reservation,explicacao,trace_tests,3,2,2,2
t3_inventory_reservation,explicacao,assumptions,3,1,1,2
t3_inventory_reservation,explicacao,risks,3,2,1,2
t3_inventory_reservation,explicacao,rationale,3,1,1,2
t3_inventory_reservation,explicacao,fidelity,3,2,0,2
t3_inventory_reservation,explicacao,reproducibility,3,2,2,2
t3_inventory_reservation,explicacao,ap_points,3,0,0,1
t3_inventory_reservation,explicacao,rp_points,3,9,9,11
t3_inventory_reservation,explicacao,output_words,3,325,273,341
t3_inventory_reservation,explicacao,duration_s,3,97.768,94.067,117.814
t3_inventory_reservation,explicacao,hidden_pass_rate,3,1.0,1.0,1.0
