escopo,metrica,mediana_explicacao,mediana_controle,diferenca
t1_shipping,auditability_total,9,3,6
t1_shipping,trace_code,1,0,1
t1_shipping,trace_tests,1,1,0
t1_shipping,assumptions,1,0,1
t1_shipping,risks,0,0,0
t1_shipping,rationale,1,0,1
t1_shipping,fidelity,2,1,1
t1_shipping,reproducibility,2,1,1
t1_shipping,ap_points,6,5,1
t1_shipping,rp_points,7,0,7
t1_shipping,output_words,354,32,322
t1_shipping,duration_s,92.105,76.812,15.293
t1_shipping,hidden_pass_rate,1.0,1.0,0.0
t2_order_pricing,auditability_total,12,3,9
t2_order_pricing,trace_code,1,0,1
t2_order_pricing,trace_tests,2,0,2
t2_order_pricing,assumptions,2,0,2
t2_order_pricing,risks,1,0,1
t2_order_pricing,rationale,2,0,2
t2_order_pricing,fidelity,2,2,0
t2_order_pricing,reproducibility,2,1,1
t2_order_pricing,ap_points,4,0,4
t2_order_pricing,rp_points,11,0,11
t2_order_pricing,output_words,330,48,282
t2_order_pricing,duration_s,120.918,94.141,26.777
t2_order_pricing,hidden_pass_rate,1.0,1.0,0.0
t3_inventory_reservation,auditability_total,10,3,7
t3_inventory_reservation,trace_code,1,0,1
t3_inventory_reservation,trace_tests,2,0,2
t3_inventory_reservation,assumptions,1,0,1
t3_inventory_reservation,risks,2,0,2
t3_inventory_reservation,rationale,1,0,1
t3_inventory_reservation,fidelity,2,2,0
t3_inventory_reservation,reproducibility,2,1,1
t3_inventory_reservation,ap_points,0,1,-1
t3_inventory_reservation,rp_points,9,0,9
t3_inventory_reservation,output_words,325,33,292
t3_inventory_reservation,duration_s,97.768,104.609,-6.841
t3_inventory_reservation,hidden_pass_rate,1.0,1.0,0.0
