blind_id,run_id,pass,scored_at,trace_code,trace_tests,assumptions,risks,rationale,fidelity,reproducibility,auditability_total,notes
S07,R17,1,2026-10-03T16:59:26-03:00,1,2,2,1,2,2,2,12,C04: A linha 17 de `relatorio_final.md` pode ser lida como risco genérico; a nota fica 1 nas duas leituras.
S17,R10,1,2026-10-03T17:17:39-03:00,0,0,0,0,0,2,1,3,"C01: Os temas das linhas 5 a 10 de relatorio_final.md, junto com o arquivo inventory.py na linha 1, contam como referência só ao arquivo para os 7 requisitos? (se o contrario: trace_code 0->1) | C07: O comando exato só aparece em `log_verificacao.md`, não em `relatorio_final.md`; conta como comando informado? (se o contrario: reproducibility 1->2) | RP: A lista de 'Incluído' (relatorio_final.md, linhas 5 a 10) conta como ligações requisito-código? (se o contrario: rp_traces 0->6) | AP: Conto como ligação os testes cujo nome identifica o requisito sem citar RN? (se o contrario: ap_links 5->0, ap_confirmed 6->1) | AP (ligacao exige numero do requisito, 2026-10-04): nomes de teste novos sao descritivos e nenhum escreve Rn (nome, comentario, docstring, asserção ou resumo); ap_links 5->0, ap_confirmed 6->1."
S18,R08,1,2026-10-03T17:18:04-03:00,0,0,0,0,0,2,1,3,"AP (ligacao exige numero do requisito, 2026-10-04): nomes de teste novos sao descritivos e nenhum escreve Rn (nome, comentario, docstring, asserção ou resumo); ap_links 4->0, ap_confirmed 4->0."
S22,R11,1,2026-10-03T17:31:11-03:00,1,2,2,2,1,0,2,10,"C06: A alegação sobre `git diff --check` é material ou só menor, já que o relatório admite que o diretório não é Git? (se o contrario: fidelity 0->1, c6_material 1->0, c6_minor 0->1, claimdiv_relato_verificacao 1->0) | AP (ligacao exige numero do requisito, 2026-10-04): nomes de teste novos sao descritivos e nenhum escreve Rn (nome, comentario, docstring, asserção ou resumo); ap_links 5->0, ap_confirmed 5->0."
S01,R01,1,2026-10-04T21:52:20-03:00,0,1,0,0,0,1,1,3,"C2 (referencia explicita, sem testes do baseline, 2026-10-04): Rn so por relatorio ou por rN em teste novo/alterado; nada inferido. Refs: R1,R2,R3,R5,R6 (testes novos); R4 so no teste do baseline, nao conta; sem referencia: R4,R7; restantes nao declarados sem teste."
S05,R16,1,2026-10-04T21:52:20-03:00,0,1,0,0,0,1,1,3,"C2 (referencia explicita, sem testes do baseline, 2026-10-04): Rn so por relatorio ou por rN em teste novo/alterado; nada inferido. Refs: R1,R2,R3,R5,R6 (testes novos); R4 so no teste do baseline, nao conta; sem referencia: R4,R7; restantes nao declarados sem teste."
S19,R15,1,2026-10-03T17:49:42-03:00,0,0,0,0,0,2,1,3,"AP (ligacao exige numero do requisito, 2026-10-04): nomes de teste novos sao descritivos e nenhum escreve Rn (nome, comentario, docstring, asserção ou resumo); ap_links 4->0, ap_confirmed 4->0."
S09,R14,1,2026-10-03T17:55:39-03:00,0,0,0,0,0,2,1,3,"AP (ligacao exige numero do requisito, 2026-10-04): nomes de teste novos sao descritivos e nenhum escreve Rn (nome, comentario, docstring, asserção ou resumo); ap_links 6->0, ap_confirmed 6->0."
S11,R09,1,2026-10-03T20:22:21-03:00,1,1,1,0,2,2,2,9,
S04,R07,1,2026-10-03T20:30:33-03:00,1,2,2,1,2,2,2,12,
S03,R04,1,2026-10-04T19:14:16-03:00,1,2,1,2,2,2,2,12,"C04: Subclasses de dict e concorrência, na mesma linha 17 de relatorio_final.md, contam como dois riscos distintos? (se o contrario: risks 2->1) | RP: O relatório cita 'comportamentos concorrentes' (relatorio_final.md, linha 17) sem apontar código nem entrada. (se o contrario: rp_risks 1->2, rp_confirmed 9->10) | AP: O teste de isolamento de dados devolvidos também exercita `events` (R6), mas o nome não diz isso; conto R6 como ligação? (se o contrario: ap_links 5->6, ap_confirmed 5->6) | AP (ligacao exige numero do requisito, 2026-10-04): nomes de teste novos sao descritivos e nenhum escreve Rn (nome, comentario, docstring, asserção ou resumo); ap_links 5->0, ap_confirmed 5->0."
S06,R02,1,2026-10-04T21:52:21-03:00,0,0,0,0,0,2,1,3,"C2 (referencia explicita, sem testes do baseline, 2026-10-04): Rn so por relatorio ou por rN em teste novo/alterado; nada inferido. Os testes com rN (R2,R3,R4,R5,R8) sao do baseline e nao ha tabela no relatorio; os testes novos nao citam Rn. Zero referencias. | AP (ligacao exige numero do requisito, 2026-10-04): nomes de teste novos sao descritivos e nenhum escreve Rn (nome, comentario, docstring, asserção ou resumo); ap_links 4->0, ap_confirmed 4->0."
S24,R03,1,2026-10-04T23:19:46-03:00,1,2,2,1,2,2,2,12,
S10,R05,1,2026-10-04T19:58:18-03:00,1,1,1,1,1,2,2,9,
S20,R18,1,2026-10-04T23:11:39-03:00,1,2,1,1,1,2,2,10,
S21,R12,1,2026-10-04T23:12:07-03:00,0,0,0,0,0,2,1,3,"C01: As linhas 3 e 4 de relatorio_final.md citam shipping.py sem ligar requisito; contam como referência só ao arquivo? (se o contrario: trace_code 0->1) | AP: O comentário 'Round standard_fee / 4 to the nearest cent, with ties upward' em shipping.py, linha 32, repete o R6; conto como decisão? (se o contrario: ap_decisions 1->2, ap_confirmed 1->2)"
S13,R06,1,2026-10-04T23:20:12-03:00,0,1,0,0,0,0,1,2,
S23,R13,1,2026-10-04T23:16:59-03:00,1,1,0,0,1,2,2,7,
S16,R03,2,2026-10-06T01:28:55-03:00,1,2,2,1,2,2,2,12,
S08,R01,2,2026-10-06T01:24:38-03:00,0,1,0,0,0,1,1,3,"C05: O comentário em `workspace/shipping.py, linha 34` (arredondar 25% com meio para cima) conta como uma decisão justificada, mesmo só repetindo o R6? (se o contrario: rationale 0->1) | C06: Conto 'Ran 13 tests' e 'OK' como duas alegações separadas? (se o contrario: c6_claims 4->5, claims_checked 4->5, fidelity 1->2)"
S14,R11,2,2026-10-06T01:27:47-03:00,1,2,1,2,1,1,2,10,"RP: O relatório cita risco de concorrência entre chamadas simultâneas sem apontar código ou entrada. (se o contrario: rp_risks 1->2, rp_confirmed 9->10)"
S02,R13,2,2026-10-06T01:19:15-03:00,1,1,0,0,1,2,2,7,"C02: duvida aberta - a linha ""Verificado pelos 12 testes da suite"" para R7 (relatorio_final.md, linha 40) conta como declaracao de R7 sem teste dedicado? Adotado nao; se sim, trace_tests 1->2"
S12,R08,2,2026-10-06T01:24:11-03:00,0,0,0,0,0,2,1,3,
S15,R10,2,2026-10-06T01:29:33-03:00,0,0,0,0,0,2,1,3,"AP: O comentário em `reserve` (""Check all items before changing any stock, preserving atomicity"") conta como decisão, ou só repete o R2? (se o contrario: ap_decisions 0->1, ap_confirmed 0->1)"
